{
    "imgs/1599px-JTK_Stearne_Passport-1024x727.jpg": 1.4630029659983848,
    "total_time": 1.4632813699990947
}