{
    "Fall 3_870b46e4-c99b-4bc3-857d-e5cfc6f3c9e5_1.png": 8.425654397000017,
    "Fall 2_bd6b3655-0932-449a-b0d2-b8500901174d_1.png": 10.164044052999998,
    "Fall 3_870b46e4-c99b-4bc3-857d-e5cfc6f3c9e5_2.png": 18.543993263000175,
    "Fall 9_5d19c210-92a4-4ed7-b988-122b4bcfb941_2.png": 20.740765778000195,
    "Fall 11_838280ef-7b0c-4a7c-b24f-8bf66bd397f8_1.png": 23.28676070900019,
    "Fall 9_5d19c210-92a4-4ed7-b988-122b4bcfb941_0.png": 23.661027960000183,
    "Fall 8_a7d4486e-734b-4305-a491-d5d9b1ec7c89_4.png": 24.160287259000143,
    "Fall 12_294c2c4b-3387-41bd-a172-12367fd7a084_2.png": 24.562369550000085,
    "Fall 4_80def7cf-51b7-41f6-a4b1-7b9568433fac_2.png": 24.66329934800001,
    "Fall 11_838280ef-7b0c-4a7c-b24f-8bf66bd397f8_9.png": 24.704592405000085,
    "Fall 10_0f00a198-eed6-4556-943f-eb09c7223a3d_2.png": 25.097198972000115,
    "Fall 7_cdef1b9c-46e9-48de-9060-1987eadae56a_1.png": 25.721853939000084,
    "Fall 1_24047a48-7cc5-4278-b060-bdd969a37702_0.png": 26.187282641000138,
    "Fall 12_294c2c4b-3387-41bd-a172-12367fd7a084_0.png": 26.67797065900004,
    "Fall 11_838280ef-7b0c-4a7c-b24f-8bf66bd397f8_6.png": 27.218924591000132,
    "Fall 1_24047a48-7cc5-4278-b060-bdd969a37702_2.png": 27.892130339999994,
    "Fall 12_294c2c4b-3387-41bd-a172-12367fd7a084_1.png": 27.907270487999995,
    "Fall 10_0f00a198-eed6-4556-943f-eb09c7223a3d_0.png": 27.939246279000145,
    "Fall 8_a7d4486e-734b-4305-a491-d5d9b1ec7c89_1.png": 28.074665585000048,
    "Fall 11_838280ef-7b0c-4a7c-b24f-8bf66bd397f8_3.png": 28.151008365000052,
    "Fall 2_bd6b3655-0932-449a-b0d2-b8500901174d_4.png": 28.392150712000102,
    "Fall 11_838280ef-7b0c-4a7c-b24f-8bf66bd397f8_5.png": 28.729543720000038,
    "Fall 13_f8f79bf5-e1ea-488f-b9a4-33df8e19eeeb_2.png": 28.894531712000116,
    "Fall 11_838280ef-7b0c-4a7c-b24f-8bf66bd397f8_2.png": 29.883686383000168,
    "Fall 6_63e54916-ec10-4753-ac5e-bb79fa006c58_0.png": 30.34453674700012,
    "Fall 11_838280ef-7b0c-4a7c-b24f-8bf66bd397f8_7.png": 31.10070583000015,
    "Fall 5_ff83c069-3236-4b79-a84b-f68c9e0d3eb6_1.png": 31.65905203200009,
    "Fall 10_0f00a198-eed6-4556-943f-eb09c7223a3d_3.png": 33.210554384000034,
    "Fall 2_bd6b3655-0932-449a-b0d2-b8500901174d_0.png": 33.30340668200006,
    "Fall 13_f8f79bf5-e1ea-488f-b9a4-33df8e19eeeb_1.png": 34.35676191200014,
    "Fall 11_838280ef-7b0c-4a7c-b24f-8bf66bd397f8_10.png": 34.3923641450001,
    "Fall 3_870b46e4-c99b-4bc3-857d-e5cfc6f3c9e5_0.png": 34.60938029100021,
    "Fall 8_a7d4486e-734b-4305-a491-d5d9b1ec7c89_0.png": 35.0838019360001,
    "Fall 11_838280ef-7b0c-4a7c-b24f-8bf66bd397f8_4.png": 35.33480840900006,
    "Fall 11_838280ef-7b0c-4a7c-b24f-8bf66bd397f8_8.png": 35.59635620400013,
    "Fall 9_5d19c210-92a4-4ed7-b988-122b4bcfb941_1.png": 35.628502786000126,
    "Fall 1_24047a48-7cc5-4278-b060-bdd969a37702_1.png": 35.89152231400021,
    "Fall 10_0f00a198-eed6-4556-943f-eb09c7223a3d_1.png": 35.89865999300014,
    "Fall 8_a7d4486e-734b-4305-a491-d5d9b1ec7c89_2.png": 35.90982442000018,
    "Fall 2_bd6b3655-0932-449a-b0d2-b8500901174d_2.png": 36.11734599500005,
    "Fall 4_80def7cf-51b7-41f6-a4b1-7b9568433fac_0.png": 36.25530398400019,
    "Fall 5_ff83c069-3236-4b79-a84b-f68c9e0d3eb6_0.png": 36.35747221600013,
    "Fall 6_63e54916-ec10-4753-ac5e-bb79fa006c58_2.png": 36.547196356000086,
    "Fall 4_80def7cf-51b7-41f6-a4b1-7b9568433fac_1.png": 36.615233977000116,
    "Fall 6_63e54916-ec10-4753-ac5e-bb79fa006c58_1.png": 36.72180147800009,
    "Fall 11_838280ef-7b0c-4a7c-b24f-8bf66bd397f8_0.png": 37.56251334000012,
    "Fall 2_bd6b3655-0932-449a-b0d2-b8500901174d_3.png": 37.73678498300001,
    "Fall 8_a7d4486e-734b-4305-a491-d5d9b1ec7c89_3.png": 37.74739495500012,
    "Fall 7_cdef1b9c-46e9-48de-9060-1987eadae56a_0.png": 37.88204886900007,
    "Fall 13_f8f79bf5-e1ea-488f-b9a4-33df8e19eeeb_0.png": 37.92474296500018,
    "total_time": 37.931523952000134
}